Crypto Transactions,,,"To find out more information about our transaction reports, read our help article. https://help.swyftx.com.au/en/articles/4148319-understanding-the-transaction-report"
Date,Time,Event,Asset,Amount,Currency,Value,Rate,AUD Value Fee,AUD Value,Fee Amount,Fee Asset,GST,ExGST,Deposited To,Withdrawn To,Withdrawal Fee,Reference,Transaction ID,UUID
13/08/2021,10:19:16,sell,ETH,0.24119249,AUD,1000.00000000,4170.94280179,6.01381037,1000.00000000,0.00143854,ETH,0.55000000,5.46000000,,,,,,ord_CL6Ta6WJkeoxGU9iftvZpK
25/08/2021,20:22:05,sell,RVN,0.00000000,AUD,0.00000000,0.18036814,0.000,0.00000000,0.000,RVN,,,,,,,,ord_Tb9GTthbsuWo2B9fG7NRxF
11/12/2021,14:25:43,buy,MATIC,167.36552327,AUD,500.00000000,2.96954826,2.98125370,500.00000000,1.01025466,MATIC,0.27000000,2.71000000,,,,,,ord_HWdVGDr71n4P8WSbTqrgDk
12/12/2021,9:29:59,reward,ADA,0.12881008,,,,0.000,0.25292788,0.000, 
13/12/2021,9:29:59,reward,ADA,0.16165195,,,,0.000,0.30091937,0.000, 
13/12/2021,11:20:34,buy,MATIC,87.81326306,AUD,250.00000000,2.82986864,1.49060938,250.00000000,0.53005993,MATIC,0.14000000,1.35000000,,,,,,ord_CF5vnEtKXFhw5bLqX1dzXL
14/12/2021,9:29:59,reward,ADA,0.16167363,,,,0.000,0.28030922,0.000, 
14/12/2021,11:24:02,buy,MATIC,57.50573790,AUD,150.00000000,2.59278474,0.89434333,150.00000000,0.34711713,MATIC,0.08000000,0.81000000,,,,,,ord_YM96EvWNpxTACe3Ce594dh
15/12/2021,9:29:59,reward,ADA,0.16169532,,,,0.000,0.28606590,0.000, 
16/12/2021,9:29:59,reward,ADA,0.16171701,,,,0.000,0.29565558,0.000, 
17/12/2021,9:29:59,reward,ADA,0.16173871,,,,0.000,0.28134187,0.000, 
18/12/2021,9:29:59,reward,ADA,0.16176041,,,,0.000,0.27782882,0.000, 
19/12/2021,7:56:39,buy,MATIC,79.27546787,AUD,250.00000000,3.13463933,1.49064319,250.00000000,0.47852395,MATIC,0.14000000,1.35000000,,,,,,ord_QVsZrzwe2PhZuZJRSGLTke
19/12/2021,9:29:59,reward,ADA,0.16178211,,,,0.000,0.28472264,0.000, 
20/12/2021,7:20:10,buy,MATIC,158.28343026,AUD,500.00000000,3.13993700,2.98128818,500.00000000,0.95543318,MATIC,0.27000000,2.71000000,,,,,,ord_7mCUPfyTdhwjMkGmfAA39T
20/12/2021,8:02:35,buy,AVAX,1.93974068,AUD,300.00000000,153.73188933,1.78909285,300.00000000,0.01170869,AVAX,0.16000000,1.63000000,,,,,,ord_BV43bpExPNtSiHxaZ7us1R
20/12/2021,8:04:56,buy,ETH,0.08978235,AUD,500.00000000,5535.60874572,2.99311174,500.00000000,0.00054194,ETH,0.27000000,2.72000000,,,,,,ord_KsKjcroJb6JHePwGPGg5Gf
20/12/2021,9:29:59,reward,ADA,0.16180381,,,,0.000,0.28386651,0.000, 
21/12/2021,9:29:59,reward,ADA,0.16182552,,,,0.000,0.28174441,0.000, 
22/12/2021,9:29:59,reward,ADA,0.16184723,,,,0.000,0.28917511,0.000, 
23/12/2021,9:29:59,reward,ADA,0.16186894,,,,0.000,0.29544238,0.000, 
24/12/2021,9:29:59,reward,ADA,0.16189066,,,,0.000,0.32914194,0.000, 
25/12/2021,9:29:59,reward,ADA,0.16191238,,,,0.000,0.31690410,0.000, 
26/12/2021,9:29:59,reward,ADA,0.16193410,,,,0.000,0.32547936,0.000, 
27/12/2021,9:29:59,reward,ADA,0.16195582,,,,0.000,0.32684671,0.000, 
28/12/2021,9:29:59,reward,ADA,0.16197755,,,,0.000,0.33648633,0.000, 
29/12/2021,9:29:59,reward,ADA,0.16199928,,,,0.000,0.31595889,0.000, 
30/12/2021,9:29:59,reward,ADA,0.16202101,,,,0.000,0.29484899,0.000, 
31/12/2021,9:29:59,reward,ADA,0.16204275,,,,0.000,0.30179260,0.000, 
1/01/2022,9:29:59,reward,ADA,0.16206449,,,,0.000,0.29664452,0.000, 
2/01/2022,9:29:59,reward,ADA,0.16208623,,,,0.000,0.30611098,0.000, 
3/01/2022,9:29:59,reward,ADA,0.16210797,,,,0.000,0.30406502,0.000, 
4/01/2022,9:29:59,reward,ADA,0.16212972,,,,0.000,0.29339232,0.000, 
5/01/2022,9:29:59,reward,ADA,0.16215147,,,,0.000,0.29668185,0.000, 
6/01/2022,0:06:19,sell,DOGE,1020.80000000,AUD,234.81971895,0.23142353,1.41742285,234.81971896,1.41742285,AUD,0.13000000,1.29000000,,,,,,ord_EnKQAg3ruqfGAfmfeH7V5P
6/01/2022,0:06:41,buy,ETH,0.04542898,AUD,240.00000000,5251.27323052,1.43669354,240.00000000,0.00027421,ETH,0.13000000,1.31000000,,,,,,ord_TrGQhjjnFWNpsHL4hbZPSM
6/01/2022,0:07:24,buy,AVAX,2.05427836,AUD,300.00000000,145.16046403,1.78908954,300.00000000,0.01240007,AVAX,0.16000000,1.63000000,,,,,,ord_T5uzvWDtVkeU5jQKLiXCJo
6/01/2022,9:29:59,reward,ADA,0.16217322,,,,0.000,0.27829357,0.000, 
7/01/2022,9:29:59,reward,ADA,0.16219498,,,,0.000,0.28779720,0.000, 
8/01/2022,9:29:59,reward,ADA,0.16221674,,,,0.000,0.27636102,0.000, 
8/01/2022,9:29:59,reward,MATIC,0.17966364,,,,0.000,0.52623515,0.000, 
9/01/2022,9:29:59,reward,ADA,0.16223850,,,,0.000,0.26860307,0.000, 
9/01/2022,9:29:59,reward,MATIC,0.18083701,,,,0.000,0.50671672,0.000, 
10/01/2022,9:29:59,reward,ADA,0.16226027,,,,0.000,0.26280951,0.000, 
10/01/2022,9:29:59,reward,MATIC,0.18089643,,,,0.000,0.52872079,0.000, 
11/01/2022,9:29:59,reward,ADA,0.16228203,,,,0.000,0.25550478,0.000, 
11/01/2022,9:29:59,reward,MATIC,0.18095586,,,,0.000,0.51951106,0.000, 
12/01/2022,9:29:59,reward,ADA,0.16230381,,,,0.000,0.26815538,0.000, 
12/01/2022,9:29:59,reward,MATIC,0.18101531,,,,0.000,0.58559995,0.000, 
13/01/2022,9:29:59,reward,ADA,0.16232558,,,,0.000,0.29836561,0.000, 
13/01/2022,9:29:59,reward,MATIC,0.18107478,,,,0.000,0.59733649,0.000, 
14/01/2022,9:29:59,reward,ADA,0.16234736,,,,0.000,0.27753488,0.000, 
14/01/2022,9:29:59,reward,MATIC,0.18113427,,,,0.000,0.56374314,0.000, 
15/01/2022,9:29:59,reward,ADA,0.14911451,,,,0.000,0.26585909,0.000, 
15/01/2022,9:29:59,reward,MATIC,0.18119378,,,,0.000,0.59492707,0.000, 
16/01/2022,9:29:59,reward,ADA,0.14913288,,,,0.000,0.27039400,0.000, 
16/01/2022,9:29:59,reward,MATIC,0.18125331,,,,0.000,0.59285827,0.000, 
17/01/2022,9:29:59,reward,ADA,0.14915126,,,,0.000,0.29013720,0.000, 
17/01/2022,9:29:59,reward,MATIC,0.18131286,,,,0.000,0.60540607,0.000, 
18/01/2022,9:29:59,reward,ADA,0.14916963,,,,0.000,0.32897660,0.000, 
18/01/2022,9:29:59,reward,MATIC,0.18137243,,,,0.000,0.56293381,0.000, 
19/01/2022,9:29:59,reward,ADA,0.14918801,,,,0.000,0.31013553,0.000, 
19/01/2022,9:29:59,reward,MATIC,0.18143202,,,,0.000,0.53705896,0.000, 
20/01/2022,9:29:59,reward,ADA,0.14920639,,,,0.000,0.27186133,0.000, 
20/01/2022,9:29:59,reward,MATIC,0.18149163,,,,0.000,0.50818564,0.000, 
21/01/2022,9:29:59,reward,ADA,0.14922477,,,,0.000,0.26285696,0.000, 
21/01/2022,9:29:59,reward,MATIC,0.18155126,,,,0.000,0.49626097,0.000, 
22/01/2022,9:29:59,reward,ADA,0.14924316,,,,0.000,0.23367620,0.000, 
22/01/2022,9:29:59,reward,MATIC,0.18161090,,,,0.000,0.43430942,0.000, 
23/01/2022,9:29:59,reward,ADA,0.14926155,,,,0.000,0.22723953,0.000, 
23/01/2022,9:29:59,reward,MATIC,0.18167057,,,,0.000,0.39798664,0.000, 
24/01/2022,9:29:59,reward,ADA,0.14927994,,,,0.000,0.22894708,0.000, 
24/01/2022,9:29:59,reward,MATIC,0.18173026,,,,0.000,0.39676407,0.000, 
25/01/2022,9:29:59,reward,ADA,0.14929833,,,,0.000,0.21813700,0.000, 
25/01/2022,9:29:59,reward,MATIC,0.18178996,,,,0.000,0.37150518,0.000, 
26/01/2022,9:29:59,reward,ADA,0.14931672,,,,0.000,0.21456190,0.000, 
26/01/2022,9:29:59,reward,MATIC,0.18184969,,,,0.000,0.39626820,0.000, 
27/01/2022,9:29:59,reward,ADA,0.14933512,,,,0.000,0.22616017,0.000, 
27/01/2022,9:29:59,reward,MATIC,0.18190943,,,,0.000,0.40329424,0.000, 
28/01/2022,9:29:59,reward,ADA,0.14935352,,,,0.000,0.22221238,0.000, 
28/01/2022,9:29:59,reward,MATIC,0.18196920,,,,0.000,0.42056717,0.000, 
29/01/2022,9:29:59,reward,ADA,0.14937192,,,,0.000,0.22464104,0.000, 
29/01/2022,9:29:59,reward,MATIC,0.18202898,,,,0.000,0.43970865,0.000, 
30/01/2022,9:29:59,reward,ADA,0.14939032,,,,0.000,0.22507396,0.000, 
30/01/2022,9:29:59,reward,MATIC,0.18208879,,,,0.000,0.44011376,0.000, 
31/01/2022,9:29:59,reward,ADA,0.14940873,,,,0.000,0.21761958,0.000, 
31/01/2022,9:29:59,reward,MATIC,0.18214861,,,,0.000,0.40398344,0.000, 
1/02/2022,9:29:59,reward,ADA,0.14942713,,,,0.000,0.22097616,0.000, 
1/02/2022,9:29:59,reward,MATIC,0.18220845,,,,0.000,0.42162114,0.000, 
2/02/2022,9:29:59,reward,ADA,0.14944554,,,,0.000,0.22816280,0.000, 
2/02/2022,9:29:59,reward,MATIC,0.18226832,,,,0.000,0.41729103,0.000, 
3/02/2022,9:29:59,reward,ADA,0.14946396,,,,0.000,0.21709579,0.000, 
3/02/2022,9:29:59,reward,MATIC,0.18232820,,,,0.000,0.39504310,0.000, 
4/02/2022,9:29:59,reward,ADA,0.14948237,,,,0.000,0.22014258,0.000, 
4/02/2022,9:29:59,reward,MATIC,0.18238810,,,,0.000,0.39430373,0.000, 
5/02/2022,9:29:59,reward,ADA,0.14950079,,,,0.000,0.23972035,0.000, 
5/02/2022,9:29:59,reward,MATIC,0.18244802,,,,0.000,0.43535922,0.000, 
6/02/2022,9:29:59,reward,ADA,0.14951921,,,,0.000,0.23861984,0.000, 
6/02/2022,9:29:59,reward,MATIC,0.18250797,,,,0.000,0.44859005,0.000, 
7/02/2022,9:29:59,reward,ADA,0.14953763,,,,0.000,0.24079939,0.000, 
7/02/2022,9:29:59,reward,MATIC,0.18256793,,,,0.000,0.44186921,0.000, 
8/02/2022,9:29:59,reward,ADA,0.14955605,,,,0.000,0.26113944,0.000, 
8/02/2022,9:29:59,reward,MATIC,0.18262791,,,,0.000,0.51587700,0.000, 
9/02/2022,9:29:59,reward,ADA,0.14957448,,,,0.000,0.24717226,0.000, 
9/02/2022,9:29:59,reward,MATIC,0.18268791,,,,0.000,0.49803643,0.000, 
10/02/2022,9:29:59,reward,ADA,0.14959290,,,,0.000,0.24766522,0.000, 
10/02/2022,9:29:59,reward,MATIC,0.18274793,,,,0.000,0.50848631,0.000, 
11/02/2022,9:29:59,reward,ADA,0.14961134,,,,0.000,0.23847938,0.000, 
11/02/2022,9:29:59,reward,MATIC,0.18280797,,,,0.000,0.47027101,0.000, 
12/02/2022,9:29:59,reward,ADA,0.14962977,,,,0.000,0.22601994,0.000, 
12/02/2022,9:29:59,reward,MATIC,0.18286803,,,,0.000,0.44275908,0.000, 
13/02/2022,9:29:59,reward,ADA,0.14964820,,,,0.000,0.22314793,0.000, 
13/02/2022,9:29:59,reward,MATIC,0.18292811,,,,0.000,0.43923293,0.000, 
14/02/2022,9:29:59,reward,ADA,0.14966664,,,,0.000,0.21688842,0.000, 
14/02/2022,9:29:59,reward,MATIC,0.18298821,,,,0.000,0.41512175,0.000, 
15/02/2022,9:29:59,reward,ADA,0.14968508,,,,0.000,0.22140988,0.000, 
15/02/2022,9:29:59,reward,MATIC,0.18304833,,,,0.000,0.43326673,0.000, 
16/02/2022,9:29:59,reward,ADA,0.14970352,,,,0.000,0.23080935,0.000, 
16/02/2022,9:29:59,reward,MATIC,0.18310847,,,,0.000,0.47380355,0.000, 
17/02/2022,9:29:59,reward,ADA,0.14972196,,,,0.000,0.22699748,0.000, 
17/02/2022,9:29:59,reward,MATIC,0.18316863,,,,0.000,0.47065282,0.000, 
18/02/2022,9:29:59,reward,ADA,0.14974041,,,,0.000,0.21358770,0.000, 
18/02/2022,9:29:59,reward,MATIC,0.18322881,,,,0.000,0.42761283,0.000, 
19/02/2022,9:29:59,reward,ADA,0.14975886,,,,0.000,0.20915953,0.000, 
19/02/2022,9:29:59,reward,MATIC,0.18328900,,,,0.000,0.41472030,0.000, 
20/02/2022,9:29:59,reward,ADA,0.14977731,,,,0.000,0.20728473,0.000, 
20/02/2022,9:29:59,reward,MATIC,0.18334922,,,,0.000,0.41123578,0.000, 
21/02/2022,9:29:59,reward,ADA,0.14979576,,,,0.000,0.19664380,0.000, 
21/02/2022,9:29:59,reward,MATIC,0.18340946,,,,0.000,0.40103055,0.000, 
22/02/2022,9:29:59,reward,ADA,0.14981422,,,,0.000,0.17895226,0.000, 
22/02/2022,9:29:59,reward,MATIC,0.18346972,,,,0.000,0.35642818,0.000, 
23/02/2022,9:29:59,reward,ADA,0.14983268,,,,0.000,0.18285616,0.000, 
23/02/2022,9:29:59,reward,MATIC,0.18353000,,,,0.000,0.36863591,0.000, 
24/02/2022,9:29:59,reward,ADA,0.14985114,,,,0.000,0.17863382,0.000, 
24/02/2022,9:29:59,reward,MATIC,0.18359029,,,,0.000,0.36229302,0.000, 
25/02/2022,9:29:59,reward,ADA,0.14986960,,,,0.000,0.17666838,0.000, 
25/02/2022,9:29:59,reward,MATIC,0.18365061,,,,0.000,0.37069954,0.000, 
26/02/2022,9:29:59,reward,ADA,0.14988806,,,,0.000,0.19084101,0.000, 
26/02/2022,9:29:59,reward,MATIC,0.18371095,,,,0.000,0.39921410,0.000, 
27/02/2022,9:29:59,reward,ADA,0.14990653,,,,0.000,0.18007385,0.000, 
27/02/2022,9:29:59,reward,MATIC,0.18377130,,,,0.000,0.37300622,0.000, 
28/02/2022,9:29:59,reward,ADA,0.14992500,,,,0.000,0.17717020,0.000, 
28/02/2022,9:29:59,reward,MATIC,0.18383168,,,,0.000,0.37428969,0.000, 
1/03/2022,9:29:59,reward,ADA,0.14994347,,,,0.000,0.20103001,0.000, 
1/03/2022,9:29:59,reward,MATIC,0.18389208,,,,0.000,0.40993198,0.000, 
2/03/2022,9:29:59,reward,ADA,0.14996194,,,,0.000,0.19748975,0.000, 
2/03/2022,9:29:59,reward,MATIC,0.18395249,,,,0.000,0.40458702,0.000, 
3/03/2022,9:29:59,reward,ADA,0.14998042,,,,0.000,0.19341887,0.000, 
3/03/2022,9:29:59,reward,MATIC,0.18401293,,,,0.000,0.41508373,0.000, 
4/03/2022,9:29:59,reward,ADA,0.14999890,,,,0.000,0.17861933,0.000, 
4/03/2022,9:29:59,reward,MATIC,0.18407339,,,,0.000,0.38424229,0.000, 
5/03/2022,9:29:59,reward,ADA,0.15001738,,,,0.000,0.16723658,0.000, 
5/03/2022,9:29:59,reward,MATIC,0.18413386,,,,0.000,0.36216986,0.000, 
6/03/2022,9:29:59,reward,ADA,0.15003586,,,,0.000,0.17680869,0.000, 
6/03/2022,9:29:59,reward,MATIC,0.18419436,,,,0.000,0.37676657,0.000, 
7/03/2022,9:29:59,reward,ADA,0.15005435,,,,0.000,0.16610203,0.000, 
7/03/2022,9:29:59,reward,MATIC,0.18425487,,,,0.000,0.35659643,0.000, 
8/03/2022,9:29:59,reward,ADA,0.15007283,,,,0.000,0.16325366,0.000, 
8/03/2022,9:29:59,reward,MATIC,0.18431541,,,,0.000,0.35946575,0.000, 
9/03/2022,9:29:59,reward,ADA,0.15009132,,,,0.000,0.16671053,0.000, 
9/03/2022,9:29:59,reward,MATIC,0.18437596,,,,0.000,0.37308165,0.000, 
10/03/2022,9:29:59,reward,ADA,0.15010981,,,,0.000,0.17292817,0.000, 
10/03/2022,9:29:59,reward,MATIC,0.18443654,,,,0.000,0.37926904,0.000, 
11/03/2022,9:29:59,reward,ADA,0.15012831,,,,0.000,0.16316535,0.000, 
11/03/2022,9:29:59,reward,MATIC,0.18449713,,,,0.000,0.35635138,0.000, 
12/03/2022,9:29:59,reward,ADA,0.15014680,,,,0.000,0.16359866,0.000, 
12/03/2022,9:29:59,reward,MATIC,0.18455775,,,,0.000,0.36029605,0.000, 
13/03/2022,9:29:59,reward,ADA,0.15016530,,,,0.000,0.16279506,0.000, 
13/03/2022,9:29:59,reward,MATIC,0.18461838,,,,0.000,0.35611021,0.000, 
14/03/2022,9:29:59,reward,ADA,0.15018380,,,,0.000,0.16339831,0.000, 
14/03/2022,9:29:59,reward,MATIC,0.18467904,,,,0.000,0.34285342,0.000, 
15/03/2022,9:29:59,reward,ADA,0.15020231,,,,0.000,0.16766970,0.000, 
15/03/2022,9:29:59,reward,MATIC,0.18473971,,,,0.000,0.35054710,0.000, 
16/03/2022,9:29:59,reward,ADA,0.15022081,,,,0.000,0.16703917,0.000, 
16/03/2022,9:29:59,reward,MATIC,0.18480041,,,,0.000,0.35412394,0.000, 
17/03/2022,9:29:59,reward,ADA,0.15023932,,,,0.000,0.17156452,0.000, 
17/03/2022,9:29:59,reward,MATIC,0.18486112,,,,0.000,0.36939140,0.000, 
17/03/2022,22:51:40,deposit,ALGO,1105.20000000,,,,0.000,1107.79754228,0.000, ,,,	LOTZ7B2WEBGDGMGYOPRSFL5EJEHZ6N3Q3CLUOPZWLQPB3NSI2GMYV5JSO4,,,,	NXB65OBMZIP6YFF2CCJWMJA4NGCNAOEJLP4EDC6K6P2K3K2IMMLA,dep_BrQKUcQgdDJWujCpCrLYnB
17/03/2022,23:21:05,sell,AVAX,3.99802000,AUD,433.53117052,109.09126118,2.61787353,433.53117052,2.61787353,AUD,0.24000000,2.38000000,,,,,,ord_BF9oVDKmH5KPSSdEcLpvTr
17/03/2022,23:21:26,sell,VET,8005.30000000,AUD,531.53126851,0.06679820,3.20843824,531.53126851,3.20843824,AUD,0.29000000,2.92000000,,,,,,ord_9Ez4cAsPcHe2otC54P4FtT
17/03/2022,23:21:41,sell,LINK,28.65740000,AUD,564.65721376,19.82264990,3.40839364,564.65721376,3.40839364,AUD,0.31000000,3.10000000,,,,,,ord_4VcaxTVjZxh2zTr5csaNiB
17/03/2022,23:21:56,sell,ALGO,963.96800000,AUD,953.23436070,0.99483415,5.75392974,953.23436070,5.75392974,AUD,0.52000000,5.23000000,,,,,,ord_S2HJrjrDod5qqnWtrjEkN4
17/03/2022,23:22:47,sell,ALGO,142.00000000,AUD,140.47786583,0.99525225,0.84795492,140.47786583,0.84795492,AUD,0.08000000,0.77000000,,,,,,ord_Uj88hAFGSDFkmYmFjXrKGP
17/03/2022,23:23:18,buy,BTC,0.04441042,AUD,2500.00000000,55955.32768649,14.96557599,2500.00000000,0.00026807,BTC,1.36000000,13.61000000,,,,,,ord_SMRMZfrFikJGyVQkTEWLK9
18/03/2022,9:29:59,reward,ADA,0.15025783,,,,0.000,0.16883523,0.000, 
18/03/2022,9:29:59,reward,MATIC,0.18492186,,,,0.000,0.35947045,0.000, 
19/03/2022,9:29:59,reward,ADA,0.15027634,,,,0.000,0.17527445,0.000, 
19/03/2022,9:29:59,reward,MATIC,0.18498261,,,,0.000,0.37654126,0.000, 
20/03/2022,9:29:59,reward,ADA,0.15029486,,,,0.000,0.18076455,0.000, 
20/03/2022,9:29:59,reward,MATIC,0.18504339,,,,0.000,0.37370994,0.000, 
21/03/2022,9:29:59,reward,ADA,0.15031337,,,,0.000,0.17969428,0.000, 
21/03/2022,9:29:59,reward,MATIC,0.18510418,,,,0.000,0.36504614,0.000, 
21/03/2022,9:59:00,withdraw,ETH,0.01039286,,,,0.000,39.99409585,0.000, ,,,,	0x67f93177EE53f6BF075dC146589FB315B0a7F714,"""0.002""",,	0xad69c9209cc5f0433d3bec2e0e83ed6627ca5030984680d33bd6fbdfab2537e8,wdl_VtiFfSvyjEAKsBDCnFSNgh
21/03/2022,10:05:00,withdraw,ETH,1.23812141,,,,0.000,4761.39906417,0.000, ,,,,	0x67f93177EE53f6BF075dC146589FB315B0a7F714,"""0.002""",,	0xf5d3abd2b2071c1bbf872a8eed2c3fb253a1eaf3690579985cd4f781ec4b0077,wdl_2Ay3XpgoF2M3zA8Untcuq8
22/03/2022,9:29:59,reward,ADA,0.15033189,,,,0.000,0.18662938,0.000, 
22/03/2022,9:29:59,reward,MATIC,0.18516500,,,,0.000,0.36688573,0.000, 
23/03/2022,9:29:59,reward,ADA,0.15035041,,,,0.000,0.19652250,0.000, 
23/03/2022,9:29:59,reward,MATIC,0.18522583,,,,0.000,0.37284631,0.000, 
24/03/2022,9:29:59,reward,ADA,0.15036894,,,,0.000,0.22021926,0.000, 
24/03/2022,9:29:59,reward,MATIC,0.18528669,,,,0.000,0.38294650,0.000, 
25/03/2022,9:29:59,reward,ADA,0.15038746,,,,0.000,0.22327686,0.000, 
25/03/2022,9:29:59,reward,MATIC,0.18534756,,,,0.000,0.40411966,0.000, 
26/03/2022,9:29:59,reward,ADA,0.15040599,,,,0.000,0.22148355,0.000, 
26/03/2022,9:29:59,reward,MATIC,0.18540845,,,,0.000,0.39520715,0.000, 
27/03/2022,9:29:59,reward,ADA,0.15042452,,,,0.000,0.23105649,0.000, 
27/03/2022,9:29:59,reward,MATIC,0.18546937,,,,0.000,0.39923613,0.000, 
28/03/2022,9:29:59,reward,ADA,0.15044305,,,,0.000,0.23615008,0.000, 
28/03/2022,9:29:59,reward,MATIC,0.18553030,,,,0.000,0.41682430,0.000, 
29/03/2022,9:29:59,reward,ADA,0.15046159,,,,0.000,0.23894368,0.000, 
29/03/2022,9:29:59,reward,MATIC,0.18559126,,,,0.000,0.41886040,0.000, 
30/03/2022,9:29:59,reward,ADA,0.15048013,,,,0.000,0.23677868,0.000, 
30/03/2022,9:29:59,reward,MATIC,0.18565223,,,,0.000,0.40508726,0.000, 
31/03/2022,9:29:59,reward,ADA,0.15049867,,,,0.000,0.23803333,0.000, 
31/03/2022,9:29:59,reward,MATIC,0.18571323,,,,0.000,0.42310750,0.000, 
1/04/2022,9:29:59,reward,ADA,0.15051721,,,,0.000,0.23028285,0.000, 
1/04/2022,9:29:59,reward,MATIC,0.18577424,,,,0.000,0.40298399,0.000, 
2/04/2022,9:29:59,reward,ADA,0.15053575,,,,0.000,0.23823085,0.000, 
2/04/2022,9:29:59,reward,MATIC,0.18583528,,,,0.000,0.42372868,0.000, 
3/04/2022,9:29:59,reward,ADA,0.15055430,,,,0.000,0.23303916,0.000, 
3/04/2022,9:29:59,reward,MATIC,0.18589633,,,,0.000,0.40700740,0.000, 
4/04/2022,9:29:59,reward,ADA,0.15057285,,,,0.000,0.23498935,0.000, 
4/04/2022,9:29:59,reward,MATIC,0.18595741,,,,0.000,0.41078013,0.000, 
5/04/2022,7:30:13,sell,ETH,0.00000000,AUD,0.00002806,4647.18381388,0.000,0.00002807,0.000,ETH,,,,,,,,ord_MDbjKt4SWUFR7M23fDkDW3
5/04/2022,7:30:13,sell,LTC,0.00000082,AUD,0.00013437,163.82449650,0.000,0.00013437,0.000,LTC,,,,,,,,ord_rgp4X3z12VXd1Xs1o5uuG
5/04/2022,7:30:13,sell,ADA,0.00087148,AUD,0.00138398,1.58808113,0.000,0.00138398,0.000,ADA,,,,,,,,ord_Kv7x7MEqUYiMhdRqcEhz5t
5/04/2022,7:30:13,sell,IOTA,0.00860760,AUD,0.00979043,1.13741641,0.000,0.00979043,0.000,IOTA,,,,,,,,ord_LTFxxdUkwvn48B8Dx6KyWh
5/04/2022,7:30:13,sell,LINK,0.00003366,AUD,0.00077516,23.02255615,0.000,0.00077516,0.000,LINK,,,,,,,,ord_CM9aFHgWyW73naSbrLziWJ
5/04/2022,7:30:13,sell,VET,0.07000000,AUD,0.00731771,0.10453877,0.000,0.00731772,0.000,VET,,,,,,,,ord_5y68o6mZd7T4D5qMaouNTs
5/04/2022,7:30:13,sell,SNT,0.33757298,AUD,0.03226566,0.09558129,0.000,0.03226566,0.000,SNT,,,,,,,,ord_BAMMRzUsE1nXmkDeDGaR4d
5/04/2022,7:30:13,sell,DOGE,0.00725974,AUD,0.00141147,0.19442452,0.000,0.00141147,0.000,DOGE,,,,,,,,ord_6DcJdbSSuJ7SVum1t3zvzc
5/04/2022,7:30:13,sell,XTZ,0.00300312,AUD,0.01536694,5.11698980,0.000,0.01536694,0.000,XTZ,,,,,,,,ord_RyHzgkj9cx7F1Cu1DxfnD6
5/04/2022,7:30:13,sell,ALGO,0.00091272,AUD,0.00106220,1.16377905,0.000,0.00106221,0.000,ALGO,,,,,,,,ord_B5ZsdANXUnBBSHf2MSEen9
5/04/2022,7:30:13,sell,BNT,0.00980266,AUD,0.03558502,3.63013650,0.000,0.03558503,0.000,BNT,,,,,,,,ord_6D8Mq5hzSuE4kqPe8RznCJ
5/04/2022,7:30:13,sell,DOT,0.00435487,AUD,0.12969445,29.78147172,0.000,0.12969445,0.000,DOT,,,,,,,,ord_FsNNZKDE3LvgGpBDNLzuEK
5/04/2022,7:30:13,sell,MATIC,0.00042237,AUD,0.00091751,2.17228212,0.000,0.00091752,0.000,MATIC,,,,,,,,ord_SKsHxMHjEWv5XgiMqA5pQH
5/04/2022,7:30:13,sell,ARPA,0.06329324,AUD,0.00750526,0.11857918,0.000,0.00750526,0.000,ARPA,,,,,,,,ord_9Nz3qTsRvbAzDrosRqacTQ
5/04/2022,7:30:13,sell,OXT,0.00439479,AUD,0.00173208,0.39412157,0.000,0.00173208,0.000,OXT,,,,,,,,ord_XELeb2jtsLFjVVRMLBRe1B
5/04/2022,7:30:13,sell,AVAX,0.00000904,AUD,0.00113166,125.14348588,0.000,0.00113167,0.000,AVAX,,,,,,,,ord_StWk7WrtjWy6JV939p1FBb
5/04/2022,7:30:13,sell,CRV,0.00038629,AUD,0.00147765,3.82522009,0.000,0.00147765,0.000,CRV,,,,,,,,ord_2jTyqVbdJ1c5qyeeroj1xT
5/04/2022,7:30:13,sell,AUDIO,0.04863051,AUD,0.11140833,2.29091403,0.000,0.11140834,0.000,AUDIO,,,,,,,,ord_8NZb4Pyoft4CoHNwZLTHGd
5/04/2022,7:30:13,sell,CTXC,0.00346793,AUD,0.00166117,0.47900929,0.000,0.00166118,0.000,CTXC,,,,,,,,ord_VmyafKchxswHygRe1drRmu
5/04/2022,7:30:13,sell,REEF,0.94151487,AUD,0.01481803,0.01573850,0.000,0.01481803,0.000,REEF,,,,,,,,ord_6BaD5YUKxGHXgQKBJXKEYf
5/04/2022,7:30:13,sell,TVK,0.25433409,AUD,0.05064496,0.19912769,0.000,0.05064496,0.000,TVK,,,,,,,,ord_XZJzUEzgWUTHcSS4no9Eq4
5/04/2022,7:31:39,buy,USDC,140.56742422,AUD,187.93836300,1.32897599,1.12498619,187.93836300,0.84849551,USDC,0.10000000,1.02000000,,,,,,ord_PRdqdME2rFNxtxHQu5mVkN
5/04/2022,7:40:00,withdraw,USDC,140.56028900,,,,0.000,186.36999944,0.000, ,,,,	0x67f93177EE53f6BF075dC146589FB315B0a7F714,"""1""",,	0x92df5064c9020c414256fda6aff8dd83d506bc89431e9cfcdaca5c8b565552e2,wdl_4tCVxXDCmP4bof9rdpw9yp
5/04/2022,9:29:59,reward,ADA,0.15059140,,,,0.000,0.24175189,0.000, 
5/04/2022,9:29:59,reward,MATIC,0.18601850,,,,0.000,0.40606894,0.000, 
6/04/2022,9:29:59,reward,ADA,0.15060995,,,,0.000,0.22888937,0.000, 
6/04/2022,9:29:59,reward,MATIC,0.18607962,,,,0.000,0.38646170,0.000, 
7/04/2022,9:29:59,reward,ADA,0.15062851,,,,0.000,0.21128697,0.000, 
7/04/2022,9:29:59,reward,MATIC,0.18614075,,,,0.000,0.36253237,0.000, 
8/04/2022,9:29:59,reward,ADA,0.15064707,,,,0.000,0.21934459,0.000, 
8/04/2022,9:29:59,reward,MATIC,0.18620191,,,,0.000,0.37591643,0.000, 
9/04/2022,9:29:59,reward,ADA,0.15066563,,,,0.000,0.21021332,0.000, 
9/04/2022,9:29:59,reward,MATIC,0.18626308,,,,0.000,0.36047868,0.000, 
10/04/2022,9:29:59,reward,ADA,0.15068419,,,,0.000,0.21064411,0.000, 
10/04/2022,9:29:59,reward,MATIC,0.18632428,,,,0.000,0.36789340,0.000, 
11/04/2022,9:29:59,reward,ADA,0.15070275,,,,0.000,0.20751625,0.000, 
11/04/2022,9:29:59,reward,MATIC,0.18638549,,,,0.000,0.35923932,0.000, 
12/04/2022,9:29:59,reward,ADA,0.15072132,,,,0.000,0.18796337,0.000, 
12/04/2022,9:29:59,reward,MATIC,0.18644673,,,,0.000,0.33817523,0.000, 
13/04/2022,9:29:59,reward,ADA,0.15073989,,,,0.000,0.19161242,0.000, 
13/04/2022,9:29:59,reward,MATIC,0.18650798,,,,0.000,0.34999791,0.000, 
14/04/2022,9:29:59,reward,ADA,0.15075846,,,,0.000,0.19690847,0.000, 
14/04/2022,9:29:59,reward,MATIC,0.18656926,,,,0.000,0.35959233,0.000, 
15/04/2022,9:29:59,reward,ADA,0.15077704,,,,0.000,0.18990610,0.000, 
15/04/2022,9:29:59,reward,MATIC,0.18663055,,,,0.000,0.34839617,0.000, 
16/04/2022,9:29:59,reward,ADA,0.15079561,,,,0.000,0.19527850,0.000, 
16/04/2022,9:29:59,reward,MATIC,0.18669187,,,,0.000,0.35260892,0.000, 
17/04/2022,9:29:59,reward,ADA,0.15081419,,,,0.000,0.19387476,0.000, 
17/04/2022,9:29:59,reward,MATIC,0.18675321,,,,0.000,0.34994641,0.000, 
18/04/2022,9:29:59,reward,ADA,0.15083277,,,,0.000,0.18791244,0.000, 
18/04/2022,9:29:59,reward,MATIC,0.18681456,,,,0.000,0.34008296,0.000, 
19/04/2022,9:29:59,reward,ADA,0.15085135,,,,0.000,0.19307783,0.000, 
19/04/2022,9:29:59,reward,MATIC,0.18687594,,,,0.000,0.35870524,0.000, 
20/04/2022,9:29:59,reward,ADA,0.15086994,,,,0.000,0.19223996,0.000, 
20/04/2022,9:29:59,reward,MATIC,0.18693734,,,,0.000,0.36650443,0.000, 
21/04/2022,9:29:59,reward,ADA,0.15088853,,,,0.000,0.19134659,0.000, 
21/04/2022,9:29:59,reward,MATIC,0.18699875,,,,0.000,0.35935620,0.000, 
22/04/2022,9:29:59,reward,ADA,0.15090712,,,,0.000,0.18779721,0.000, 
22/04/2022,9:29:59,reward,MATIC,0.18706019,,,,0.000,0.35401553,0.000, 
23/04/2022,9:29:59,reward,ADA,0.15092571,,,,0.000,0.18780351,0.000, 
23/04/2022,9:29:59,reward,MATIC,0.18712165,,,,0.000,0.35862839,0.000, 
24/04/2022,9:29:59,reward,ADA,0.15094430,,,,0.000,0.18531222,0.000, 
24/04/2022,9:29:59,reward,MATIC,0.18718312,,,,0.000,0.35188045,0.000, 
25/04/2022,9:29:59,reward,ADA,0.15096290,,,,0.000,0.17911960,0.000, 
25/04/2022,9:29:59,reward,MATIC,0.18724462,,,,0.000,0.34175698,0.000, 
26/04/2022,9:29:59,reward,ADA,0.15098150,,,,0.000,0.18763655,0.000, 
26/04/2022,9:29:59,reward,MATIC,0.18730614,,,,0.000,0.35055248,0.000, 
27/04/2022,9:29:59,reward,ADA,0.15100010,,,,0.000,0.17520097,0.000, 
27/04/2022,9:29:59,reward,MATIC,0.18736768,,,,0.000,0.32889226,0.000, 
28/04/2022,9:29:59,reward,ADA,0.15101871,,,,0.000,0.17872841,0.000, 
28/04/2022,9:29:59,reward,MATIC,0.18742924,,,,0.000,0.33201188,0.000, 
29/04/2022,9:29:59,reward,ADA,0.15103731,,,,0.000,0.17918953,0.000, 
29/04/2022,9:29:59,reward,MATIC,0.18749081,,,,0.000,0.32663574,0.000, 
30/04/2022,9:29:59,reward,ADA,0.15105592,,,,0.000,0.17399954,0.000, 
30/04/2022,9:29:59,reward,MATIC,0.18755241,,,,0.000,0.30889346,0.000, 
1/05/2022,9:29:59,reward,ADA,0.15107453,,,,0.000,0.16280686,0.000, 
1/05/2022,9:29:59,reward,MATIC,0.18761403,,,,0.000,0.27937280,0.000, 
2/05/2022,9:29:59,reward,ADA,0.15109314,,,,0.000,0.16970895,0.000, 
2/05/2022,9:29:59,reward,MATIC,0.18767567,,,,0.000,0.29470505,0.000, 
3/05/2022,9:29:59,reward,ADA,0.15111176,,,,0.000,0.16621550,0.000, 
3/05/2022,9:29:59,reward,MATIC,0.18773733,,,,0.000,0.28744393,0.000, 
4/05/2022,9:29:59,reward,ADA,0.15113038,,,,0.000,0.16545214,0.000, 
4/05/2022,9:29:59,reward,MATIC,0.18779901,,,,0.000,0.28807420,0.000, 
5/05/2022,9:29:59,reward,ADA,0.15114900,,,,0.000,0.18789483,0.000, 
5/05/2022,9:29:59,reward,MATIC,0.18786071,,,,0.000,0.30334838,0.000, 
6/05/2022,9:29:59,reward,ADA,0.15116762,,,,0.000,0.16658066,0.000, 
6/05/2022,9:29:59,reward,MATIC,0.18792243,,,,0.000,0.28301005,0.000, 
7/05/2022,9:29:59,reward,ADA,0.15118624,,,,0.000,0.16644914,0.000, 
7/05/2022,9:29:59,reward,MATIC,0.18798417,,,,0.000,0.27627677,0.000, 
7/05/2022,9:57:21,sell,ADA,1227.10000000,AUD,1334.81317860,1.09434795,8.06119745,1334.81317861,8.06119745,AUD,0.73000000,7.33000000,,,,,,ord_BwQf9m5tCndGWtVW8B7rtT
7/05/2022,9:57:29,sell,MATIC,572.10000000,AUD,830.33431509,1.46014052,5.01207836,830.33431510,5.01207836,AUD,0.46000000,4.55000000,,,,,,ord_3kd8PSeQ9cvKfN9PK799s8
10/05/2022,21:54:15,deposit,USDC,123.76028900,,,,0.000,178.01834056,0.000, ,,,	0x5da9c21c399605c43daeb540a9dca9ba23675714,,,,	0x8e81f042e59c4444e902de1a2888bc76b3c3582a333234eb0bff3d78e5c40e7c,dep_7Eo9Ry2VsAjAxaL6SqTUHY
30/05/2022,11:28:27,sell,USDC,123.76700000,AUD,171.08426113,1.39065310,1.03270177,171.08426113,1.03270177,AUD,0.09000000,0.94000000,,,,,,ord_4nGdLupQ777WZHMFxXH45w
6/06/2022,13:41:26,deposit,USDC,650.11988100,,,,0.000,904.19257364,0.000, ,,,	0x5da9c21c399605c43daeb540a9dca9ba23675714,,,,	0xb9f39a1a1180457e6f0a68fb74795a3404a1bdc320fa200322f3596782ebcdb3,dep_2unieru17y6hoATPpPFfPt
6/06/2022,13:51:19,sell,USDC,650.24000000,AUD,896.03164394,1.38631933,5.40864171,896.03164395,5.40864171,AUD,0.49000000,4.92000000,,,,,,ord_8gPYJfrzkBpG4zLQ8gTR38
,,sub total,,,,,,76.71913021,,,,6.97,69.74

Fiat Transactions
Date,Time,Event,Asset,Amount,Currency,Value,Rate,AUD Value Fee,AUD Value,Fee Amount,Fee Asset,GST,ExGST,Deposited To,Withdrawn To,Withdrawal Fee,Reference,Transaction ID,UUID
1/07/2021,10:55:59,buy,AUD,6000.00000000,USD,4491.39000000,0.74856500,0.000,6000.00000000,0.000,AUD,,,,,,,,
1/07/2021,10:55:59,withdraw,AUD,6000.00000000,,,,0.000,6000.00000000,0.000, ,,,,	100044345,,bsb:805050,,wdl_KTL9s7nQacUoUqiMtUxrub
1/07/2021,17:24:26,buy,AUD,4999.90000000,USD,3745.90000000,0.74919498,0.000,4999.90000000,0.000,AUD,,,,,,,,
1/07/2021,17:24:26,withdraw,AUD,4999.90000000,,,,0.000,4999.90000000,0.000, ,,,,	100044345,,bsb:805050,,wdl_XCDEx8e3b2xwQwHBBVySrT
5/07/2021,10:10:13,affiliate,USD,23.54355450,,,,0.000,31.31000000,0.000, 
25/08/2021,18:49:27,sell,USD,1259.47163100,AUD,1734.81602815,1.37741572,0.00000000,1734.81602815,0.00000000,AUD,0.00000000,0.00000000,,,,,,ord_TCKz21QH4WxkNwype1ENrk
25/08/2021,20:22:05,sell,USD,0.00000032,AUD,0.00000045,1.37848783,0.000,0.00000045,0.000,USD,,,,,,,,ord_WWfdxwTn3VZuzKbonigChu
2/09/2021,15:58:52,affiliate,USD,13.87210845,,,,0.000,18.83000000,0.000, 
2/11/2021,10:51:34,affiliate,USD,24.44361507,,,,0.000,32.52000000,0.000, 
6/12/2021,15:05:32,affiliate,USD,8.05218485,,,,0.000,11.48000000,0.000, 
20/12/2021,7:57:37,deposit,AUD,2500.00000000,,,,0.000,2500.00000000,0.000, ,,,	116222676,,,bsb:802-985,,dep_JrTjvjU567M5aXgNfnUfW1
20/12/2021,21:55:21,sell,USD,46.36790800,AUD,64.78368350,1.40560000,0.39104839,64.78368350,0.39104839,AUD,0.04000000,0.35000000,,,,,,ord_9BJpEFdnStu75fKLbqSoM4
21/12/2021,11:05:12,withdraw,AUD,2800.00000000,,,,0.000,2800.00000000,0.000, ,,,,	100044345,,bsb:805050,	35158204,wdl_QMHFVrJiSHbHgJ7hXHDuQc
22/12/2021,19:48:39,deposit,AUD,300.00000000,,,,0.000,300.00000000,0.000, ,,,	116222676,,,bsb:802-985,,dep_MPQh3n4YteuUUjapsfHPFr
1/02/2022,12:47:02,affiliate,USD,8.32921233,,,,0.000,11.79000000,0.000, 
4/04/2022,19:49:11,affiliate,USD,6.58708042,,,,0.000,8.76000000,0.000, 
5/04/2022,7:30:00,sell,USD,14.91629300,AUD,19.66094061,1.32604115,0.11867770,19.66094062,0.11867770,AUD,0.01000000,0.11000000,,,,,,ord_XF9hVhpUwFsxkGkqneQz4g
5/04/2022,7:30:13,sell,USD,0.00000012,AUD,0.00000016,1.32604115,0.000,0.00000017,0.000,USD,,,,,,,,ord_9DAv8bH8tQAkCs76iDHnhq
3/05/2022,19:12:47,affiliate,USD,1.47591003,,,,0.000,2.08000000,0.000, 
7/05/2022,9:57:40,sell,USD,1.47591000,AUD,2.07207540,1.41240516,0.01250749,2.07207540,0.01250749,AUD,0.00000000,0.01000000,,,,,,ord_9ysptqgXu23qjScD6Thri8
7/05/2022,9:58:29,withdraw,AUD,2167.21000000,,,,0.000,2167.21000000,0.000, ,,,,	100044345,,bsb:805050,	52689371,wdl_Ddtubsd9MKJA1edCDKv2YK
6/06/2022,13:51:56,withdraw,AUD,1067.12000000,,,,0.000,1067.12000000,0.000, ,,,,	100044345,,bsb:805050,	54173696,wdl_UFneaY7W26D8RMdx5xDMp8
9/06/2022,20:45:17,affiliate,USD,0.37430792,,,,0.000,0.52000000,0.000, 
,,sub total,,,,,,0.52223358,,,,0.05,0.47

Opening Crypto Summary
30/06/2021,14:30:00,open position,ETH,1.35449543,,,,,3851.26724890
30/06/2021,14:30:00,open position,ADA,1204.83887148,,,,,2123.51687525
30/06/2021,14:30:00,open position,IOTA,0.00860760,,,,,0.00930132
30/06/2021,14:30:00,open position,LINK,28.65373366,,,,,717.15217539
30/06/2021,14:30:00,open position,VET,8005.37000000,,,,,906.41012966
30/06/2021,14:30:00,open position,RVN,0.00000000,,,,,0.00000000
30/06/2021,14:30:00,open position,SNT,0.33757298,,,,,0.03313357
30/06/2021,14:30:00,open position,DOGE,1020.80725974,,,,,335.25625473
30/06/2021,14:30:00,open position,XTZ,0.00300312,,,,,0.01138978
30/06/2021,14:30:00,open position,ALGO,0.28491272,,,,,0.32470336
30/06/2021,14:30:00,open position,BNT,0.00980266,,,,,0.04185065
30/06/2021,14:30:00,open position,DOT,0.00435487,,,,,0.08969308
30/06/2021,14:30:00,open position,ARPA,0.06329324,,,,,0.00260846
30/06/2021,14:30:00,open position,OXT,0.00439479,,,,,0.00148019
30/06/2021,14:30:00,open position,CRV,0.00038629,,,,,0.00089426
30/06/2021,14:30:00,open position,AUDIO,0.04863051,,,,,0.04994246
30/06/2021,14:30:00,open position,OST,0.88006217,,,,,0.01253955
30/06/2021,14:30:00,open position,CTXC,0.00346793,,,,,0.00071345
30/06/2021,14:30:00,open position,REEF,0.94151487,,,,,0.01926545
30/06/2021,14:30:00,open position,TVK,0.25433409,,,,,0.03152479

Opening Fiat Summary
30/06/2021,14:30:00,open position,USD,9473.21807682,,,,,12621.94235830

Closing Crypto Summary
30/06/2022,14:29:59,open position,BTC,0.04440944,,,,,1223.29388796
30/06/2022,14:29:59,open position,ADA,0.17951645,,,,,0.11401152
30/06/2022,14:29:59,open position,BNT,0.00000000,,,,,0.00000000
30/06/2022,14:29:59,open position,MATIC,0.26480018,,,,,0.16773415
30/06/2022,14:29:59,open position,OST,0.88006217,,,,,0.01253955
30/06/2022,14:29:59,open position,CTXC,0.00000000,,,,,0.00000000

Closing Fiat Summary
30/06/2022,14:29:59,open position,AUD,0.00547455,,,,,0.00547455
30/06/2022,14:29:59,open position,USD,0.37430794,,,,,0.54268876
